1,718983,,,,
2,61751,finnelias05@yahoo.com,65d1e4ce4670f.zip,a,inappropriate_content
3,851908,admin@invoiceplane.com,65d1e4ce4670f.zip,a,Child Porno Pornography
4,596022,,,,
5,378418,65d1e4ce4670f.zip@y.com,65d1e4ce4670f.zip,a,Child Porno Pornography
6,247683,x@x.com,65d1e4ce4670f.zip,a,inappropriate_content
7,483716,a@a.com,65d1e4ce4670f.zip,a,inappropriate_content
8,200255,a@a.com,65d1e4ce4670f.zip,a,inappropriate_content
8,200255,a@a.com,660593ad0105c660593ad01062660593ad0106378f9f4b1d3de21a5eb464010cb982ce8e471c0792bec655c441d82f2d5dc39e6660593ad01064660593ad01065660593ad01066ccb1eefe2c274a91c8dcb434f7fbdcb1.png,a,inappropriate_content
9,622222,a@a.com,65d1e4ce4670f.zip,b,copyright_violation
9,622222,a@a.com,660593ad0105c660593ad01062660593ad0106378f9f4b1d3de21a5eb464010cb982ce8e471c0792bec655c441d82f2d5dc39e6660593ad01064660593ad01065660593ad01066ccb1eefe2c274a91c8dcb434f7fbdcb1.png,b,copyright_violation
10,981764
